{
	"tempHash": "00A9B93A825F5BDC",
	"tbluHash": "005BA5CA6AC00627",
	"patch": [
		{
			"AddEntity": [
				"cafef348d22e7c99",
				{
					"parent": "4e11e09450d2d905",
					"name": "flag_event_c_03",
					"factory": "[assembly:/_pro/environment/templates/props/street_props/street_props_miami_a.template?/flag_event_c.entitytemplate].pc_entitytype",
					"blueprint": "[assembly:/_pro/environment/templates/props/street_props/street_props_miami_a.template?/flag_event_c.entitytemplate].pc_entityblueprint",
					"properties": {
						"m_mTransform": {
							"type": "SMatrix43",
							"value": {
								"rotation": {
									"x": -0.0,
									"y": 0.0,
									"z": -160.8400801943263
								},
								"position": {
									"x": -17.36854362487793,
									"y": 1.0102081298828125,
									"z": -0.021213531494140625
								}
							}
						},
						"Texture2D_01": {
							"type": "ZRuntimeResourceID",
							"value": {
								"resource": "[assembly:/_pro/environment/textures/props/flags/flag_event_a.texture?/diffuse_g.tex](ascolormap).pc_tex",
								"flag": "5F"
							}
						},
						"m_eidParent": {
							"type": "SEntityTemplateReference",
							"value": "347b1bff7fb28b4b",
							"postInit": true
						},
						"m_PrimitiveScale": {
							"type": "SVector3",
							"value": { "x": 0.5, "y": 0.5, "z": 0.5 }
						}
					},
					"subsets": { "AudioEmitters": ["fffffffffffffffe"] }
				}
			]
		},
		{
			"AddEntity": [
				"cafe2a223f2cc85f",
				{
					"parent": "4e11e09450d2d905",
					"name": "flag_event_c_03",
					"factory": "[assembly:/_pro/environment/templates/props/street_props/street_props_miami_a.template?/flag_event_c.entitytemplate].pc_entitytype",
					"blueprint": "[assembly:/_pro/environment/templates/props/street_props/street_props_miami_a.template?/flag_event_c.entitytemplate].pc_entityblueprint",
					"properties": {
						"m_mTransform": {
							"type": "SMatrix43",
							"value": {
								"rotation": {
									"x": -0.0,
									"y": 0.0,
									"z": -41.78289465515165
								},
								"position": {
									"x": -13.023944854736328,
									"y": -2.9750823974609375,
									"z": 0.0044918060302734375
								}
							}
						},
						"Texture2D_01": {
							"type": "ZRuntimeResourceID",
							"value": {
								"resource": "[assembly:/_pro/environment/textures/props/flags/flag_event_a.texture?/diffuse_g.tex](ascolormap).pc_tex",
								"flag": "5F"
							}
						},
						"m_eidParent": {
							"type": "SEntityTemplateReference",
							"value": "347b1bff7fb28b4b",
							"postInit": true
						},
						"m_PrimitiveScale": {
							"type": "SVector3",
							"value": { "x": 0.5, "y": 0.5, "z": 0.5 }
						}
					},
					"subsets": { "AudioEmitters": ["fffffffffffffffe"] }
				}
			]
		},
		{
			"AddEntity": [
				"cafe4bce2f246c7b",
				{
					"parent": "4e11e09450d2d905",
					"name": "Medical_Container_Plastic_Curtain_A",
					"factory": "[assembly:/_pro/environment/templates/props/expo/expo_a.template?/medical_container_plastic_curtain_a.entitytemplate].pc_entitytype",
					"blueprint": "[assembly:/_pro/environment/templates/props/expo/expo_a.template?/medical_container_plastic_curtain_a.entitytemplate].pc_entityblueprint",
					"properties": {
						"m_mTransform": {
							"type": "SMatrix43",
							"value": {
								"rotation": {
									"x": -0.0,
									"y": 0.0,
									"z": -0.7712634936943227
								},
								"position": {
									"x": -16.013010025024414,
									"y": -2.984405517578125,
									"z": 3.655714988708496
								}
							}
						},
						"m_eidParent": {
							"type": "SEntityTemplateReference",
							"value": "347b1bff7fb28b4b",
							"postInit": true
						}
					},
					"subsets": { "AudioEmitters": ["fffffffffffffffe"] }
				}
			]
		},
		{
			"AddEntity": [
				"cafe87f4e61b8cee",
				{
					"parent": "4e11e09450d2d905",
					"name": "lamp_Modern_Garage_B_51",
					"factory": "[assembly:/_pro/environment/templates/props/lamps/lamps_indoor_a.template?/lamp_modern_garage_b.entitytemplate].pc_entitytype",
					"blueprint": "[assembly:/_pro/environment/templates/props/lamps/lamps_indoor_a.template?/lamp_modern_garage_b.entitytemplate].pc_entityblueprint",
					"properties": {
						"m_mTransform": {
							"type": "SMatrix43",
							"value": {
								"rotation": {
									"x": 0.0,
									"y": -50.0,
									"z": -180.0
								},
								"position": {
									"x": -18.02962875366211,
									"y": -0.8673553466796875,
									"z": 3.976442337036133
								}
							}
						},
						"DiffusePower": {
							"type": "float32",
							"value": 100
						},
						"DiffuseColor": {
							"type": "SColorRGB",
							"value": "#99f7d6"
						},
						"m_vFarAttenuation": {
							"type": "SVector2",
							"value": { "x": 0.0, "y": 0.10000000149011612 }
						},
						"GlowPower": { "type": "float32", "value": 500.0 },
						"On": { "type": "bool", "value": true },
						"m_vAngularAttenuation": {
							"type": "SVector2",
							"value": {
								"x": 0.10000000149011612,
								"y": 5.420000076293945
							}
						},
						"m_bCastShadows": {
							"type": "bool",
							"value": false
						},
						"m_bUseDynamicShadowMap": {
							"type": "bool",
							"value": false
						},
						"CapsuleDiffusePower": {
							"type": "float32",
							"value": 1.0
						},
						"m_vFarAttenuationCapsule": {
							"type": "SVector2",
							"value": {
								"x": 0.047582000494003296,
								"y": 0.5099999904632568
							}
						},
						"m_eidParent": {
							"type": "SEntityTemplateReference",
							"value": "347b1bff7fb28b4b"
						}
					}
				}
			]
		},
		{
			"AddEntity": [
				"cafe1f3a71a5fed1",
				{
					"parent": "4e11e09450d2d905",
					"name": "lamp_Modern_Garage_B_50",
					"factory": "[assembly:/_pro/environment/templates/props/lamps/lamps_indoor_a.template?/lamp_modern_garage_b.entitytemplate].pc_entitytype",
					"blueprint": "[assembly:/_pro/environment/templates/props/lamps/lamps_indoor_a.template?/lamp_modern_garage_b.entitytemplate].pc_entityblueprint",
					"properties": {
						"m_mTransform": {
							"type": "SMatrix43",
							"value": {
								"rotation": {
									"x": 0.0,
									"y": -50.0,
									"z": -180.0
								},
								"position": {
									"x": -12.016693115234377,
									"y": -0.8673553466796875,
									"z": 3.975461006164551
								}
							}
						},
						"DiffusePower": {
							"type": "float32",
							"value": 100.0
						},
						"DiffuseColor": {
							"type": "SColorRGB",
							"value": "#99f7d6"
						},
						"m_vFarAttenuation": {
							"type": "SVector2",
							"value": { "x": 0.0, "y": 0.10000000149011612 }
						},
						"GlowPower": { "type": "float32", "value": 500 },
						"On": { "type": "bool", "value": true },
						"m_vAngularAttenuation": {
							"type": "SVector2",
							"value": {
								"x": 0.10000000149011612,
								"y": 5.420000076293945
							}
						},
						"m_bCastShadows": {
							"type": "bool",
							"value": false
						},
						"m_bUseDynamicShadowMap": {
							"type": "bool",
							"value": false
						},
						"CapsuleDiffusePower": {
							"type": "float32",
							"value": 1.0
						},
						"m_vFarAttenuationCapsule": {
							"type": "SVector2",
							"value": {
								"x": 0.047582000494003296,
								"y": 0.5099999904632568
							}
						},
						"m_eidParent": {
							"type": "SEntityTemplateReference",
							"value": "347b1bff7fb28b4b"
						}
					}
				}
			]
		},
		{
			"AddEntity": [
				"cafe34cc14ffde24",
				{
					"parent": "cafe6e5d7bb59434",
					"name": "StaticDecalController",
					"factory": "[modules:/zstaticdecalcontrollerentity.class].pc_entitytype",
					"blueprint": "[modules:/zstaticdecalcontrollerentity.class].pc_entityblueprint",
					"properties": {
						"m_pDecalMesh": {
							"type": "ZRuntimeResourceID",
							"value": {
								"resource": "0077C8BC6FEF6CC2",
								"flag": "5F"
							}
						},
						"m_eidParent": {
							"type": "SEntityTemplateReference",
							"value": "cafe6e5d7bb59434",
							"postInit": true
						}
					}
				}
			]
		},
		{
			"AddEntity": [
				"cafe97c456fc4b1d",
				{
					"parent": "cafe6e5d7bb59434",
					"name": "security_barriers_a_banner",
					"factory": "[assembly:/_pro/environment/materials/levels/miami/props/security_barrier_a_banner_miami_a.mi].pc_entitytype",
					"blueprint": "[assembly:/_pro/environment/materials/levels/miami/props/security_barrier_a_banner_miami_a.mi].pc_entityblueprint",
					"properties": {
						"m_mTransform": {
							"type": "SMatrix43",
							"value": {
								"rotation": {
									"x": -0.0,
									"y": 0.0,
									"z": -0.0
								},
								"position": {
									"x": 0.0,
									"y": 0.0,
									"z": 0.0
								}
							}
						},
						"ConstantVector1D_01_Value_op": {
							"type": "IRenderMaterialEntity.EModifierOperation",
							"value": "eReplace"
						},
						"ConstantVector1D_01_Value": {
							"type": "float32",
							"value": 0.3700000047683716
						},
						"ConstantColorRGB_02_Value_op": {
							"type": "IRenderMaterialEntity.EModifierOperation",
							"value": "eReplace"
						},
						"ConstantColorRGB_02_Value": {
							"type": "SColorRGB",
							"value": "#89f0ba"
						},
						"Clients": {
							"type": "TArray<SEntityTemplateReference>",
							"value": ["cafe6e5d7bb59434"],
							"postInit": true
						},
						"m_eidParent": {
							"type": "SEntityTemplateReference",
							"value": "cafe6e5d7bb59434",
							"postInit": true
						}
					}
				}
			]
		},
		{
			"AddEntity": [
				"cafe6e5d7bb59434",
				{
					"parent": "4e11e09450d2d905",
					"name": "Barrier_Security_Miami_Medical_4m",
					"factory": "[assembly:/_pro/environment/geometry/props/street_props/barriers_security_a.wl2?/barrier_security_4m_b.prim](materials).pc_entitytype",
					"blueprint": "[assembly:/_pro/environment/geometry/props/street_props/barriers_security_a.wl2?/barrier_security_4m_b.prim](materials).pc_entityblueprint",
					"properties": {
						"m_mTransform": {
							"type": "SMatrix43",
							"value": {
								"rotation": {
									"x": -0.0,
									"y": 0.0,
									"z": -68.13423648799125
								},
								"position": {
									"x": -19.184215545654297,
									"y": -2.14935302734375,
									"z": 0.045940399169921875
								}
							}
						},
						"622268374": {
							"type": "ZRuntimeResourceID",
							"value": {
								"resource": "[assembly:/_pro/environment/materials/levels/miami/props/security_barrier_a_banner_miami_a.mi].pc_mi",
								"flag": "5F"
							}
						},
						"m_eidParent": {
							"type": "SEntityTemplateReference",
							"value": "347b1bff7fb28b4b",
							"postInit": true
						},
						"m_PrimitiveScale": {
							"type": "SVector3",
							"value": { "x": 1, "y": 1, "z": 1 }
						}
					}
				}
			]
		},
		{
			"AddEntity": [
				"cafe58068237a0c1",
				{
					"parent": "cafe6e5d7bb59434",
					"name": "StaticDecal",
					"factory": "[modules:/zstaticdecalentity.class].pc_entitytype",
					"blueprint": "[modules:/zstaticdecalentity.class].pc_entityblueprint",
					"editorOnly": true,
					"properties": {
						"m_pController": {
							"type": "SEntityTemplateReference",
							"value": "cafe34cc14ffde24"
						},
						"m_MaterialID": {
							"type": "ZRuntimeResourceID",
							"value": {
								"resource": "[assembly:/_pro/environment/materials/decals/signs/medical_signage_b.mi].pc_mi",
								"flag": "5F"
							}
						},
						"m_mTransform": {
							"type": "SMatrix43",
							"value": {
								"rotation": {
									"x": -88.78775983090593,
									"y": 0.0,
									"z": -90.00034377481369
								},
								"position": {
									"x": 0.013873999938368796,
									"y": 0.017052000388503075,
									"z": 0.5680999755859375
								}
							}
						},
						"m_vTiling": {
							"type": "SVector2",
							"value": { "x": 1.0, "y": 0.5 }
						},
						"m_vUVOffset": {
							"type": "SVector2",
							"value": { "x": 0.0, "y": 0.0 }
						},
						"m_vGlobalSize": {
							"type": "SVector3",
							"value": { "x": 2.8275, "y": 0.74, "z": 0.06 }
						},
						"m_Color": {
							"type": "SColorRGB",
							"value": "#ffffff"
						},
						"m_nZBias": { "type": "uint8", "value": 2 },
						"m_fAlpha": { "type": "float32", "value": 50.0 },
						"m_nMaxLOD": { "type": "uint8", "value": 3 },
						"m_eidParent": {
							"type": "SEntityTemplateReference",
							"value": "cafe6e5d7bb59434"
						}
					}
				}
			]
		},
		{
			"AddEntity": [
				"cafe08eb4c5f4024",
				{
					"parent": "4e11e09450d2d905",
					"name": "lamp_Modern_Garage_B_50",
					"factory": "[assembly:/_pro/environment/templates/props/lamps/lamps_indoor_a.template?/lamp_modern_garage_b.entitytemplate].pc_entitytype",
					"blueprint": "[assembly:/_pro/environment/templates/props/lamps/lamps_indoor_a.template?/lamp_modern_garage_b.entitytemplate].pc_entityblueprint",
					"properties": {
						"m_mTransform": {
							"type": "SMatrix43",
							"value": {
								"rotation": {
									"x": 0.0,
									"y": 50.0,
									"z": -180.0
								},
								"position": {
									"x": -12.016693115234377,
									"y": -0.8673553466796875,
									"z": 3.975461006164551
								}
							}
						},
						"DiffusePower": {
							"type": "float32",
							"value": 100.0
						},
						"DiffuseColor": {
							"type": "SColorRGB",
							"value": "#99f7d6"
						},
						"m_vFarAttenuation": {
							"type": "SVector2",
							"value": { "x": 0.0, "y": 0.10000000149011612 }
						},
						"GlowPower": { "type": "float32", "value": 500 },
						"On": { "type": "bool", "value": true },
						"m_vAngularAttenuation": {
							"type": "SVector2",
							"value": {
								"x": 0.10000000149011612,
								"y": 5.420000076293945
							}
						},
						"m_bCastShadows": {
							"type": "bool",
							"value": false
						},
						"m_bUseDynamicShadowMap": {
							"type": "bool",
							"value": false
						},
						"CapsuleDiffusePower": {
							"type": "float32",
							"value": 1.0
						},
						"m_vFarAttenuationCapsule": {
							"type": "SVector2",
							"value": {
								"x": 0.047582000494003296,
								"y": 0.5099999904632568
							}
						},
						"m_eidParent": {
							"type": "SEntityTemplateReference",
							"value": "347b1bff7fb28b4b"
						}
					}
				}
			]
		},
		{
			"AddEntity": [
				"cafeaa465bdc5582",
				{
					"parent": "4e11e09450d2d905",
					"name": "lamp_Modern_Garage_B_51",
					"factory": "[assembly:/_pro/environment/templates/props/lamps/lamps_indoor_a.template?/lamp_modern_garage_b.entitytemplate].pc_entitytype",
					"blueprint": "[assembly:/_pro/environment/templates/props/lamps/lamps_indoor_a.template?/lamp_modern_garage_b.entitytemplate].pc_entityblueprint",
					"properties": {
						"m_mTransform": {
							"type": "SMatrix43",
							"value": {
								"rotation": {
									"x": 0.0,
									"y": 50.0,
									"z": -180.0
								},
								"position": {
									"x": -18.02962875366211,
									"y": -0.8673553466796875,
									"z": 3.976442337036133
								}
							}
						},
						"DiffusePower": {
							"type": "float32",
							"value": 100
						},
						"DiffuseColor": {
							"type": "SColorRGB",
							"value": "#99f7d6"
						},
						"m_vFarAttenuation": {
							"type": "SVector2",
							"value": { "x": 0.0, "y": 0.10000000149011612 }
						},
						"GlowPower": { "type": "float32", "value": 500.0 },
						"On": { "type": "bool", "value": true },
						"m_vAngularAttenuation": {
							"type": "SVector2",
							"value": {
								"x": 0.10000000149011612,
								"y": 5.420000076293945
							}
						},
						"m_bCastShadows": {
							"type": "bool",
							"value": false
						},
						"m_bUseDynamicShadowMap": {
							"type": "bool",
							"value": false
						},
						"CapsuleDiffusePower": {
							"type": "float32",
							"value": 1.0
						},
						"m_vFarAttenuationCapsule": {
							"type": "SVector2",
							"value": {
								"x": 0.047582000494003296,
								"y": 0.5099999904632568
							}
						},
						"m_eidParent": {
							"type": "SEntityTemplateReference",
							"value": "347b1bff7fb28b4b"
						}
					}
				}
			]
		},
		{
			"AddEntity": [
				"cafe8700ab0df049",
				{
					"parent": "d312694eaedc711c",
					"name": "american_ambulance_a_01_cutsequence_01",
					"factory": "[assembly:/_pro/vehicles/templates/vehicles_miami_a.template?/american_ambulance_a_01_cutsequence.entitytemplate].pc_entitytype",
					"blueprint": "[assembly:/_pro/vehicles/templates/vehicles_miami_a.template?/american_ambulance_a_01_cutsequence.entitytemplate].pc_entityblueprint",
					"properties": {
						"m_bVisible": { "type": "bool", "value": true },
						"m_mTransform": {
							"type": "SMatrix43",
							"value": {
								"rotation": {
									"x": -0.0,
									"y": 0.0,
									"z": -142.0167633594081
								},
								"position": {
									"x": 54.15999984741211,
									"y": -172.3014678955078,
									"z": -10.89049243927002
								}
							}
						},
						"m_eidParent": {
							"type": "SEntityTemplateReference",
							"value": "f73c6d9dc94c2289",
							"postInit": true
						},
						"m_bCastShadows": { "type": "bool", "value": true }
					},
					"inputCopying": {
						"SetVisible": { "SetValue": ["83c947c616953c9f"] }
					}
				}
			]
		},
		{
			"AddEntity": [
				"cafe4c5385bb9f8d",
				{
					"parent": "d312694eaedc711c",
					"name": "CollisionBox",
					"factory": "[assembly:/templates/physics/collisionvolumes.template?/collisionbox.entitytemplate].pc_entitytype",
					"blueprint": "[assembly:/templates/physics/collisionvolumes.template?/collisionbox.entitytemplate].pc_entityblueprint",
					"properties": {
						"m_mTransform": {
							"type": "SMatrix43",
							"value": {
								"rotation": {
									"x": -0.0,
									"y": 0.0,
									"z": -140.69634374320927
								},
								"position": {
									"x": 54.1808967590332,
									"y": -172.28269958496094,
									"z": -9.44383144378662
								}
							}
						},
						"m_vBoxSize": {
							"type": "SVector3",
							"value": {
								"x": 2.9010000228881836,
								"y": 6.658999919891357,
								"z": 3.243000030517578
							}
						},
						"m_bCollideCamera": {
							"type": "bool",
							"value": true
						},
						"m_bCollideHitman": {
							"type": "bool",
							"value": true
						},
						"m_eidParent": {
							"type": "SEntityTemplateReference",
							"value": "f73c6d9dc94c2289"
						},
						"m_bVisible": { "type": "bool", "value": true }
					}
				}
			]
		}
	],
	"patchVersion": 6
}
