{
	"tempHash": "00097AA87B144150",
	"tbluHash": "00E738E7CF7A35E1",
	"patch": [
		{
			"SubEntityOperation": [
				"aaf46f4e33de2625",
				{
					"SetFactory": "[assembly:/_pro/characters/templates/hero/agent47/agent47_outfits.template?/charset_agent47_medic.entitytemplate].pc_entitytype"
				}
			]
		},
		{
			"SubEntityOperation": [
				"aaf46f4e33de2625",
				{
					"SetBlueprint": "[assembly:/_pro/characters/templates/hero/agent47/agent47_outfits.template?/charset_agent47_medic.entitytemplate].pc_entityblueprint"
				}
			]
		},
		{
			"SubEntityOperation": [
				"61cc23a5dc3f186c",
				{
					"SetPropertyValue": {
						"property_name": "m_eSoundFootwearType",
						"value": "EFWT_SNEAKERS"
					}
				}
			]
		},
		{
			"SubEntityOperation": [
				"61cc23a5dc3f186c",
				{
					"SetPropertyValue": {
						"property_name": "m_eOutfitAICategory",
						"value": "OAC_Medic"
					}
				}
			]
		}
	],
	"patchVersion": 6
}
