{
	"tempHash": "0009405A948567A1",
	"tbluHash": "00EFC36413962F26",
	"rootEntity": "d9b11b184c7d8beb",
	"entities": {
		"97c7bd53a10a94ed": {
			"parent": "1cda6e2609cb91bb",
			"name": "1",
			"factory": "[modules:/zoutfitvariation.class].pc_entitytype",
			"blueprint": "[modules:/zoutfitvariation.class].pc_entityblueprint"
		},
		"7a60792686859800": {
			"parent": "1cda6e2609cb91bb",
			"name": "0",
			"factory": "[modules:/zoutfitvariation.class].pc_entitytype",
			"blueprint": "[modules:/zoutfitvariation.class].pc_entityblueprint"
		},
		"d9b11b184c7d8beb": {
			"parent": null,
			"name": "CHARSET_Agent47_Reward_Halloween",
			"factory": "004470A9E6A7722D",
			"blueprint": "00E21A11EC782D9E",
			"properties": {
				"m_aCharacters": {
					"type": "TArray<SEntityTemplateReference>",
					"value": [
						"1cda6e2609cb91bb",
						"8fefdd43811d64b9",
						"21ad2330478f7247"
					],
					"postInit": true
				}
			}
		},
		"1cda6e2609cb91bb": {
			"parent": "d9b11b184c7d8beb",
			"name": "Actor",
			"factory": "[modules:/zcharsetcharactertype.class].pc_entitytype",
			"blueprint": "[modules:/zcharsetcharactertype.class].pc_entityblueprint",
			"properties": {
				"m_aVariations": {
					"type": "TArray<SEntityTemplateReference>",
					"value": ["7a60792686859800", "97c7bd53a10a94ed"]
				}
			}
		},
		"c653ef91dbfca3d0": {
			"parent": "8fefdd43811d64b9",
			"name": "Var0",
			"factory": "[modules:/zoutfitvariation.class].pc_entitytype",
			"blueprint": "[modules:/zoutfitvariation.class].pc_entityblueprint"
		},
		"8b7c1865d62e9561": {
			"parent": "21ad2330478f7247",
			"name": "Var0",
			"factory": "[modules:/zoutfitvariation.class].pc_entitytype",
			"blueprint": "[modules:/zoutfitvariation.class].pc_entityblueprint",
			"properties": {
				"m_Outfit": {
					"type": "ZRuntimeResourceID",
					"value": {
						"resource": "[assembly:/_pro/characters/templates/hero/agent47/agent47_outfits.template?/outfit_agent47_medic_heroa_v0.entitytemplate].pc_entitytemplate",
						"flag": "9F"
					}
				}
			}
		},
		"cdc5adce28452beb": {
			"parent": "8fefdd43811d64b9",
			"name": "Var1",
			"factory": "[modules:/zoutfitvariation.class].pc_entitytype",
			"blueprint": "[modules:/zoutfitvariation.class].pc_entityblueprint"
		},
		"8fefdd43811d64b9": {
			"parent": "d9b11b184c7d8beb",
			"name": "Nude",
			"factory": "[modules:/zcharsetcharactertype.class].pc_entitytype",
			"blueprint": "[modules:/zcharsetcharactertype.class].pc_entityblueprint",
			"properties": {
				"m_aVariations": {
					"type": "TArray<SEntityTemplateReference>",
					"value": ["c653ef91dbfca3d0", "cdc5adce28452beb"]
				}
			}
		},
		"ad21b2cc4982f442": {
			"parent": "21ad2330478f7247",
			"name": "Var1",
			"factory": "[modules:/zoutfitvariation.class].pc_entitytype",
			"blueprint": "[modules:/zoutfitvariation.class].pc_entityblueprint",
			"properties": {
				"m_Outfit": {
					"type": "ZRuntimeResourceID",
					"value": {
						"resource": "[assembly:/_pro/characters/templates/hero/agent47/agent47_outfits.template?/outfit_agent47_reward_halloween_heroa_v1.entitytemplate].pc_entitytemplate",
						"flag": "9F"
					}
				}
			}
		},
		"21ad2330478f7247": {
			"parent": "d9b11b184c7d8beb",
			"name": "HeroA",
			"factory": "[modules:/zcharsetcharactertype.class].pc_entitytype",
			"blueprint": "[modules:/zcharsetcharactertype.class].pc_entityblueprint",
			"properties": {
				"m_aVariations": {
					"type": "TArray<SEntityTemplateReference>",
					"value": ["8b7c1865d62e9561", "ad21b2cc4982f442"]
				}
			}
		}
	},
	"propertyOverrides": [],
	"overrideDeletes": [],
	"pinConnectionOverrides": [],
	"pinConnectionOverrideDeletes": [],
	"externalScenes": [],
	"subType": "template",
	"quickEntityVersion": 3.1,
	"extraFactoryDependencies": [],
	"extraBlueprintDependencies": [],
	"comments": []
}
