{
	"tempHash": "00097AA87B144150",
	"tbluHash": "00E738E7CF7A35E1",
	"patch": [
		{
			"AddEntity": [
				"cafe463212a86c89",
				{
					"parent": "cafecb5092bce075",
					"name": "CHARSET_Agent47_Medic",
					"factory": "[assembly:/_pro/characters/templates/hero/agent47/agent47_outfits.template?/charset_agent47_medic.entitytemplate].pc_entitytype",
					"blueprint": "[assembly:/_pro/characters/templates/hero/agent47/agent47_outfits.template?/charset_agent47_medic.entitytemplate].pc_entityblueprint"
				}
			]
		},
		{
			"AddEntity": [
				"cafecf4913f02092",
				{
					"parent": "cafecb5092bce075",
					"name": "Prof_Agent47",
					"factory": "[assembly:/_pro/design/actor/profession.template?/prof_agent47.entitytemplate].pc_entitytype",
					"blueprint": "[assembly:/_pro/design/actor/profession.template?/prof_agent47.entitytemplate].pc_entityblueprint",
					"properties": {
						"m_aHolders": {
							"type": "TArray<SEntityTemplateReference>",
							"value": ["cafecb5092bce075"],
							"postInit": true
						}
					}
				}
			]
		},
		{
			"AddEntity": [
				"cafecb5092bce075",
				{
					"parent": "0ba8ea9278df2079",
					"name": "CHAR_Global_Hero_Medic_M",
					"factory": "[modules:/zglobaloutfitkit.class].pc_entitytype",
					"blueprint": "[modules:/zglobaloutfitkit.class].pc_entityblueprint",
					"properties": {
						"m_eActorType": {
							"type": "EActorType",
							"value": "eAT_Hitman"
						},
						"m_eSoundFootwearType": {
							"type": "EHM5SoundFootwearType",
							"value": "EFWT_SNEAKERS"
						},
						"m_aCharSets": {
							"type": "TArray<SEntityTemplateReference>",
							"value": ["cafe463212a86c89"]
						},
						"m_sId": {
							"type": "ZGuid",
							"value": "af4ec0e1-ec28-4a91-9393-a6f65955463b"
						},
						"m_bCanCallForHelp": {
							"type": "bool",
							"value": true
						},
						"m_sCommonName": {
							"type": "ZString",
							"value": "Medic"
						},
						"m_sTitle": {
							"type": "ZString",
							"value": "Medic"
						},
						"m_eOutfitAICategory": {
							"type": "EOutfitAICategory",
							"value": "OAC_Medic"
						},
						"m_rNameTextResource": {
							"type": "ZRuntimeResourceID",
							"value": {
								"resource": "[assembly:/localization/hitman6/conversations/ui/pro/online/repository/outfits_hero.sweetmenutext?/af4ec0e1-ec28-4a91-9393-a6f65955463b_hitman6_hero_medic_m_name_.sweetline].pc_sweetline",
								"flag": "5F"
							}
						},
						"m_rDescriptionTextResource": {
							"type": "ZRuntimeResourceID",
							"value": {
								"resource": "[assembly:/localization/hitman6/conversations/ui/pro/online/repository/outfits_hero.sweetmenutext?/af4ec0e1-ec28-4a91-9393-a6f65955463b_hitman6_hero_medic_m_description_.sweetline].pc_sweetline",
								"flag": "5F"
							}
						},
						"m_bHeroDisguiseAvailable": {
							"type": "bool",
							"value": true
						},
						"m_bIsHitmanSuit": {
							"type": "bool",
							"value": true
						}
					}
				}
			]
		},
		{
			"AddEntity": [
				"cafef9ab54454cfc",
				{
					"parent": "cafecb5092bce075",
					"name": "Prof_Hero_SignatureSuit",
					"factory": "[assembly:/_pro/design/actor/profession.template?/prof_hero_signaturesuit.entitytemplate].pc_entitytype",
					"blueprint": "[assembly:/_pro/design/actor/profession.template?/prof_hero_signaturesuit.entitytemplate].pc_entityblueprint",
					"properties": {
						"m_aHolders": {
							"type": "TArray<SEntityTemplateReference>",
							"value": ["cafecb5092bce075"]
						}
					}
				}
			]
		},
		{
			"AddEntity": [
				"cafea986fa81de03",
				{
					"parent": "cafecb5092bce075",
					"name": "KeywordEntity_FOLEY_SUIT47",
					"factory": "[assembly:/_pro/design/gamecore/keywords/keywordsound.template?/keywordentity_foley_outfit_suit47.entitytemplate].pc_entitytype",
					"blueprint": "[assembly:/_pro/design/gamecore/keywords/keywordsound.template?/keywordentity_foley_outfit_suit47.entitytemplate].pc_entityblueprint",
					"properties": {
						"m_rHolder": {
							"type": "SEntityTemplateReference",
							"value": "cafecb5092bce075"
						}
					}
				}
			]
		},
		{
			"AddEntity": [
				"cafe2cf928fc9aac",
				{
					"parent": "cafecb5092bce075",
					"name": "Keyword_Prof_Class_Default",
					"factory": "007A51A2AFEC0D1A",
					"blueprint": "00B0282A41C1CF2E",
					"properties": {
						"m_aHolders": {
							"type": "TArray<SEntityTemplateReference>",
							"value": ["cafecb5092bce075"]
						}
					}
				}
			]
		}
	],
	"patchVersion": 6
}
