{"6b2c4449-ac15-4e06-ad53-e86ee4dc6833":{"CommonName":"Medic1","HeroDisguiseAvailable":true,"Image":"images/unlockables_override/47_Outfits_medic1.jpg","IsHitmanSuit":true,"TokenID":"TOKEN_OUTFIT_MEDIC1","Category":""},"af4ec0e1-ec28-4a91-9393-a6f65955463b":{"CommonName":"Medic0","HeroDisguiseAvailable":true,"Image":"images/unlockables_override/47_Outfits_medic0.jpg","IsHitmanSuit":true,"TokenID":"TOKEN_OUTFIT_MEDIC0","Category":""},"6bd42e20-4333-4bd9-ac3e-b752532a6714":{"CommonName":"Medic2","HeroDisguiseAvailable":true,"Image":"images/unlockables_override/47_Outfits_medic2.jpg","IsHitmanSuit":true,"TokenID":"TOKEN_OUTFIT_MEDIC2","Category":""}}