{
	"tempHash": "00C786400BE39E8A",
	"tbluHash": "00F8C7098B241F91",
	"rootEntity": "bd21bab0249556fa",
	"entities": {
		"3147d42476e806c2": {
			"parent": "bd21bab0249556fa",
			"name": "Vest_Emergency",
			"factory": "001DC21FD8514A41",
			"blueprint": "00B63AA08E8595DD",
			"properties": {
				"Diffuse_Color_01_Value": {
					"type": "SColorRGB",
					"value": "#d9d9d9"
				},
				"Diffuse_Saturation_01_Value": {
					"type": "float32",
					"value": 0.800000011920929
				}
			}
		},
		"1b38a204e0baa8c0": {
			"parent": "bd21bab0249556fa",
			"name": "Head_47",
			"factory": "00537D16B5CE7286",
			"blueprint": "00F2E4A932ECAA63"
		},
		"e877a029a44a68bd": {
			"parent": "2cd85d1b0813cc19",
			"name": "hat_cap_snapbuckle",
			"factory": "00AB23C3697D314C",
			"blueprint": "00055CE9C9EB9DE4",
			"properties": {
				"m_mTransform": {
					"type": "SMatrix43",
					"value": {
						"rotation": {
							"x": -1.0773623898213305,
							"y": 88.81782834651004,
							"z": -177.70317276389542
						},
						"position": {
							"x": 0.08222600072622299,
							"y": 0.02149900048971176,
							"z": 0.00006500000017695129
						}
					}
				},
				"Diffuse_Color_01_Value": {
					"type": "SColorRGB",
					"value": "#d1d1d1"
				},
				"m_bForceVisible": { "type": "bool", "value": false },
				"Texture2D_01": {
					"type": "ZRuntimeResourceID",
					"value": {
						"resource": "007704AA0CE9F325",
						"flag": "5F"
					}
				},
				"Diffuse_Saturation_01_Value": {
					"type": "float32",
					"value": 1.0
				},
				"m_rLinkedProxyEntity": {
					"type": "SEntityTemplateReference",
					"value": "bd21bab0249556fa",
					"postInit": true
				},
				"m_eidParent": {
					"type": "SEntityTemplateReference",
					"value": "2cd85d1b0813cc19",
					"postInit": true
				}
			}
		},
		"df1016fd70edf420": {
			"parent": "a4be0a735bb40c1a",
			"name": "Radio",
			"factory": "002C29B2CF663D86",
			"blueprint": "002BAF9005870E06",
			"properties": {
				"m_mTransform": {
					"type": "SMatrix43",
					"value": {
						"rotation": {
							"x": -119.41992114544163,
							"y": 58.01469865195074,
							"z": -61.71739590620682
						},
						"position": {
							"x": 0.11692799627780914,
							"y": 0.17018799483776093,
							"z": -0.1204639971256256
						}
					}
				},
				"m_eidParent": {
					"type": "SEntityTemplateReference",
					"value": "a4be0a735bb40c1a",
					"postInit": true
				}
			}
		},
		"ee6ab7800d10e179": {
			"parent": "bd21bab0249556fa",
			"name": "Belt_StrapBuckle",
			"factory": "0017355DDB3D75A3",
			"blueprint": "005F1B0540C7F863",
			"properties": {
				"Diffuse_Color_01_Value": {
					"type": "SColorRGB",
					"value": "#4a4a4a"
				}
			}
		},
		"a4be0a735bb40c1a": {
			"parent": "bd21bab0249556fa",
			"name": "Chest_Attacher",
			"factory": "[assembly:/templates/aspectdummy.aspect]([modules:/zcompositeentity.class].entitytype,[modules:/zboneattachaspect.class].entitytype).pc_entitytype",
			"blueprint": "[assembly:/templates/aspectdummy.aspect]([modules:/zcompositeentity.class].entitytype,[modules:/zboneattachaspect.class].entitytype).pc_entityblueprint",
			"properties": {
				"m_BoneName": { "type": "ZString", "value": "Spine1" },
				"m_linkedEntity": {
					"type": "SEntityTemplateReference",
					"value": "bd21bab0249556fa",
					"postInit": true
				},
				"m_eidParent": {
					"type": "SEntityTemplateReference",
					"value": "bd21bab0249556fa",
					"postInit": true
				}
			}
		},
		"2cd85d1b0813cc19": {
			"parent": "bd21bab0249556fa",
			"name": "Head_Attacher",
			"factory": "[assembly:/templates/aspectdummy.aspect]([modules:/zcompositeentity.class].entitytype,[modules:/zboneattachaspect.class].entitytype).pc_entitytype",
			"blueprint": "[assembly:/templates/aspectdummy.aspect]([modules:/zcompositeentity.class].entitytype,[modules:/zboneattachaspect.class].entitytype).pc_entityblueprint",
			"properties": {
				"m_BoneName": { "type": "ZString", "value": "Head" },
				"m_linkedEntity": {
					"type": "SEntityTemplateReference",
					"value": "bd21bab0249556fa",
					"postInit": true
				},
				"m_eidParent": {
					"type": "SEntityTemplateReference",
					"value": "bd21bab0249556fa",
					"postInit": true
				}
			}
		},
		"f599159c0bdd0b64": {
			"parent": "bd21bab0249556fa",
			"name": "Shoes_Boots_Military",
			"factory": "00A7DC37E14B3676",
			"blueprint": "000315500CD95840",
			"properties": {
				"Diffuse_Color_01_Value": {
					"type": "SColorRGB",
					"value": "#3b3b3b"
				}
			}
		},
		"5e9282db8f8c4e6b": {
			"parent": "bd21bab0249556fa",
			"name": "Hands",
			"factory": "009A6D9F7927FB89",
			"blueprint": "00F49463DEA8D412"
		},
		"e8ef5660bd4cbf9b": {
			"parent": "bd21bab0249556fa",
			"name": "Pants_Cargo_Regular",
			"factory": "00B8AAA07D811A74",
			"blueprint": "00E01ABDF1DA56C8",
			"properties": {
				"Diffuse_Color_01_Value": {
					"type": "SColorRGB",
					"value": "#c2c2c2"
				},
				"Texture2D_01": {
					"type": "ZRuntimeResourceID",
					"value": {
						"resource": "[assembly:/_pro/characters/assets/guards/colorado/militia_basic/textures/male_reg_militia_basic_02_pants.texture?/diffuse_b.tex](ascolormap).pc_tex",
						"flag": "5F"
					}
				},
				"Diffuse_Saturation_01_Value": {
					"type": "float32",
					"value": 1.0
				},
				"ConstantVector1D_01_Value": {
					"type": "float32",
					"value": 1.0
				}
			}
		},
		"61628566671f0b1e": {
			"parent": "bd21bab0249556fa",
			"name": "Shirt_Officer_Cut_BtnUp_LngSlv_Tkd",
			"factory": "0048228CF13DC653",
			"blueprint": "001BA00C9CFD4D34",
			"properties": {
				"Diffuse_Color_01_Value": {
					"type": "SColorRGB",
					"value": "#f2f2f2"
				},
				"Texture2D_01": {
					"type": "ZRuntimeResourceID",
					"value": {
						"resource": "0008D11FD10C0246",
						"flag": "5F"
					}
				},
				"Texture2DNormal_01": {
					"type": "ZRuntimeResourceID",
					"value": {
						"resource": "001C83872D0C166A",
						"flag": "5F"
					}
				}
			}
		},
		"bd21bab0249556fa": {
			"parent": null,
			"name": "OUTFIT_Flamingo_Worker_Medic_M_HeroA_v0",
			"factory": "00028BAEA86DD2FD",
			"blueprint": "002045A6D2A25237",
			"properties": {
				"m_mTransform": {
					"type": "SMatrix43",
					"value": {
						"rotation": { "x": -0.0, "y": 0.0, "z": -0.0 },
						"position": {
							"x": -5.536117076873779,
							"y": -1.9414470195770264,
							"z": 0.004666999913752079
						}
					}
				},
				"m_aBodyParts": {
					"type": "TArray<SEntityTemplateReference>",
					"value": [
						"ee6ab7800d10e179",
						"5e9282db8f8c4e6b",
						"1b38a204e0baa8c0",
						"e8ef5660bd4cbf9b",
						"f599159c0bdd0b64",
						"61628566671f0b1e",
						"3147d42476e806c2"
					]
				},
				"m_pBonesAndCollisionResource": {
					"type": "ZRuntimeResourceID",
					"value": {
						"resource": "000EEEBE0084EB40",
						"flag": "5F"
					}
				},
				"Rifle_Holster_Attacher_Transform": {
					"type": "SMatrix43",
					"value": {
						"rotation": { "x": -0.0, "y": 0.0, "z": -0.0 },
						"position": {
							"x": 0.029999999329447743,
							"y": 0.0,
							"z": 0.0
						}
					}
				},
				"Back1_Attacher_Transform": {
					"type": "SMatrix43",
					"value": {
						"rotation": { "x": -0.0, "y": 0.0, "z": -0.0 },
						"position": {
							"x": 0.0,
							"y": 0.029999999329447743,
							"z": 0.0
						}
					}
				}
			}
		},
		"9ce1954a4fbca480": {
			"parent": "2cd85d1b0813cc19",
			"name": "headset_military_expensive",
			"factory": "004ABDBDCB9EE545",
			"blueprint": "004FA404BC869A6B",
			"properties": {
				"m_mTransform": {
					"type": "SMatrix43",
					"value": {
						"rotation": {
							"x": -0.3414223187178572,
							"y": 88.81717332809971,
							"z": 177.83719368257152
						},
						"position": {
							"x": 0.059546999633312225,
							"y": 0.017691999673843384,
							"z": 0.00010399999882793054
						}
					}
				},
				"Diffuse_Saturation_01_Value": {
					"type": "float32",
					"value": 3.0
				},
				"Diffuse_Hue_Shift_01_Value": {
					"type": "float32",
					"value": 0.0
				},
				"ConstantVector1D_01_Value": {
					"type": "float32",
					"value": 0.5
				},
				"m_rLinkedProxyEntity": {
					"type": "SEntityTemplateReference",
					"value": "bd21bab0249556fa"
				},
				"m_eidParent": {
					"type": "SEntityTemplateReference",
					"value": "2cd85d1b0813cc19"
				}
			}
		},
		"cafed490cfac0170": {
			"parent": "bd21bab0249556fa",
			"name": "FX_Hitman_Wet_Logic_Character",
			"factory": "0067CFB703A80787",
			"blueprint": "00AA88C960CD2080",
			"properties": {
				"HeadMaterialToOverride": {
					"type": "ZRuntimeResourceID",
					"value": {
						"resource": "009F7978C601815A",
						"flag": "5F"
					}
				},
				"HeadMaterialOverride": {
					"type": "TArray<SEntityTemplateReference>",
					"value": ["bd21bab0249556fa"],
					"postInit": true
				}
			},
			"events": {
				"HitmanWetness": {
					"T": [
						"cafe13082e7e66eb",
						"cafe846f8d4b2026",
						"cafe354ad56b82f6",
						"cafe536121b39fd6"
					]
				}
			}
		},
		"cafe354ad56b82f6": {
			"parent": "cafed490cfac0170",
			"name": "Lerp roughness fabric",
			"factory": "[modules:/zmathlerp.class].pc_entitytype",
			"blueprint": "[modules:/zmathlerp.class].pc_entityblueprint",
			"properties": {
				"m_A": { "type": "float32", "value": 1.0 },
				"m_fT": { "type": "float32", "value": 0.0 },
				"m_B": { "type": "float32", "value": 2.0 }
			},
			"events": {
				"Lerp": {
					"ConstantVector1D_14_Value": [
						"e8ef5660bd4cbf9b",
						"61628566671f0b1e",
						"f599159c0bdd0b64",
						"3147d42476e806c2"
					]
				}
			}
		},
		"cafe846f8d4b2026": {
			"parent": "cafed490cfac0170",
			"name": "Lerp bumpmap",
			"factory": "[modules:/zmathlerp.class].pc_entitytype",
			"blueprint": "[modules:/zmathlerp.class].pc_entityblueprint",
			"properties": {
				"m_fT": { "type": "float32", "value": 0.0 },
				"m_B": { "type": "float32", "value": 0.30000001192092896 }
			},
			"events": {
				"Lerp": {
					"ConstantVector1D_06_Value": [
						"e8ef5660bd4cbf9b",
						"61628566671f0b1e",
						"f599159c0bdd0b64",
						"3147d42476e806c2"
					]
				}
			}
		},
		"cafe536121b39fd6": {
			"parent": "cafed490cfac0170",
			"name": "Lerp roughness other",
			"factory": "[modules:/zmathlerp.class].pc_entitytype",
			"blueprint": "[modules:/zmathlerp.class].pc_entityblueprint",
			"properties": {
				"m_B": { "type": "float32", "value": 0.4000000059604645 },
				"m_A": { "type": "float32", "value": 0.0 },
				"m_fT": { "type": "float32", "value": 0.0 }
			},
			"events": { "Lerp": { "ConstantVector1D_04_Value": [] } }
		},
		"cafe13082e7e66eb": {
			"parent": "cafed490cfac0170",
			"name": "Lerp albedo",
			"factory": "[modules:/zmathlerp.class].pc_entitytype",
			"blueprint": "[modules:/zmathlerp.class].pc_entityblueprint",
			"properties": {
				"m_fT": { "type": "float32", "value": 0.0 },
				"m_B": { "type": "float32", "value": 0.20000000298023224 }
			},
			"events": {
				"Lerp": {
					"ConstantVector1D_01_Value": [
						"e8ef5660bd4cbf9b",
						"61628566671f0b1e",
						"f599159c0bdd0b64",
						"3147d42476e806c2"
					]
				}
			}
		}
	},
	"propertyOverrides": [],
	"overrideDeletes": [],
	"pinConnectionOverrides": [],
	"pinConnectionOverrideDeletes": [],
	"externalScenes": [],
	"subType": "template",
	"quickEntityVersion": 3.1,
	"extraFactoryDependencies": [
		{ "resource": "001083E516801F5E", "flag": "5F" },
		{ "resource": "00FFC5352D7A5D64", "flag": "5F" },
		{ "resource": "00E4CE86EE7A5CC2", "flag": "5F" },
		{ "resource": "004AE40C64125C4E", "flag": "5F" },
		{ "resource": "00B7DB103FDE57DE", "flag": "5F" },
		{
			"resource": "[assembly:/_pro/characters/assets/workers/eventscrew_01/textures/male_reg_bangkok_bandcrew_02_hat_01.texture?/normal_a.tex](asnormalmap).pc_tex",
			"flag": "5F"
		},
		{
			"resource": "[assembly:/_pro/characters/assets/workers/eventscrew_01/textures/male_reg_bangkok_bandcrew_02_hat_01.texture?/specular_a.tex](ascolormap).pc_tex",
			"flag": "5F"
		},
		{ "resource": "00D23ACA2BC93530", "flag": "5F" },
		{ "resource": "006731C43241B2EA", "flag": "5F" },
		{ "resource": "007F58CB3A03C028", "flag": "5F" },
		{ "resource": "002D22424B5BB96F", "flag": "5F" },
		{
			"resource": "[assembly:/_pro/characters/assets/individuals/hokkaido/helicopterpilot/textures/male_reg_helicopterpilot_headset.texture?/diffuse_a.tex](ascolormap).pc_tex",
			"flag": "5F"
		},
		{
			"resource": "[assembly:/_pro/characters/assets/individuals/hokkaido/helicopterpilot/textures/male_reg_helicopterpilot_headset.texture?/specular_a.tex](ascolormap).pc_tex",
			"flag": "5F"
		},
		{
			"resource": "[assembly:/_pro/characters/assets/individuals/hokkaido/helicopterpilot/textures/male_reg_helicopterpilot_headset.texture?/normal_a.tex](asnormalmap).pc_tex",
			"flag": "5F"
		},
		{
			"resource": "[assembly:/_pro/characters/assets/guards/colorado/militia_basic/textures/male_reg_militia_basic_02_pants.texture?/specular_a.tex](ascolormap).pc_tex",
			"flag": "5F"
		},
		{
			"resource": "[assembly:/_pro/characters/assets/guards/colorado/militia_basic/textures/male_reg_militia_basic_02_pants.texture?/normal_a.tex](asnormalmap).pc_tex",
			"flag": "5F"
		},
		{ "resource": "00046F8ACFABF66D", "flag": "5F" },
		{
			"resource": "[assembly:/_pro/characters/assets/guards/colorado/militia_elite/textures/male_reg_militia_elite_shoes.texture?/normal_a.tex](asnormalmap).pc_tex",
			"flag": "5F"
		},
		{
			"resource": "[assembly:/_pro/characters/assets/guards/colorado/militia_elite/textures/male_reg_militia_elite_shoes.texture?/specular_a.tex](ascolormap).pc_tex",
			"flag": "5F"
		},
		{
			"resource": "[assembly:/_pro/characters/assets/guards/colorado/militia_elite/textures/male_reg_militia_elite_shoes.texture?/diffuse_a.tex](ascolormap).pc_tex",
			"flag": "5F"
		},
		{ "resource": "001060B9DDD6BF96", "flag": "5F" },
		{ "resource": "00B40E9503CF9271", "flag": "5F" },
		{ "resource": "003AB8AB16E40D0B", "flag": "5F" },
		{ "resource": "0025B6841BE2D938", "flag": "5F" },
		{ "resource": "001FA69FFA39D901", "flag": "5F" },
		{ "resource": "00E75A25FD6927D7", "flag": "5F" },
		{ "resource": "0074E1853D66BE5F", "flag": "5F" },
		{ "resource": "00C2E61724DE9ACF", "flag": "5F" },
		{ "resource": "004B34AEBC25C9B4", "flag": "5F" }
	],
	"extraBlueprintDependencies": [],
	"comments": []
}
