{
	"tempHash": "004F8DAF9FFF2C19",
	"tbluHash": "001447DA23C431D0",
	"rootEntity": "0bc3c07871828ce6",
	"entities": {
		"92935e9d440b02a4": {
			"parent": "b0f391bb3ace0d82",
			"name": "headset_microphone",
			"factory": "00C3083B7FDF8F9F",
			"blueprint": "0017FD5EE5FD3A9B",
			"properties": {
				"m_mTransform": {
					"type": "SMatrix43",
					"value": {
						"rotation": {
							"x": -170.16879070963842,
							"y": 88.70011703272087,
							"z": -11.98563956668564
						},
						"position": {
							"x": 0.06317099928855896,
							"y": 0.0154229998588562,
							"z": 0.0004149999876972288
						}
					}
				},
				"Diffuse_Saturation_01_Value": {
					"type": "float32",
					"value": 3.0
				},
				"Diffuse_Hue_Shift_01_Value": {
					"type": "float32",
					"value": 0.0
				},
				"ConstantVector1D_01_Value": {
					"type": "float32",
					"value": 0.5
				},
				"m_PrimitiveScale": {
					"type": "SVector3",
					"value": {
						"x": 0.965503990650177,
						"y": 1.054010033607483,
						"z": 1.0
					}
				},
				"m_eidParent": {
					"type": "SEntityTemplateReference",
					"value": "b0f391bb3ace0d82",
					"postInit": true
				}
			}
		},
		"60548b4011e20473": {
			"parent": "22a4b9b55ccd7b8d",
			"name": "Radio",
			"factory": "002C29B2CF663D86",
			"blueprint": "002BAF9005870E06",
			"properties": {
				"m_mTransform": {
					"type": "SMatrix43",
					"value": {
						"rotation": {
							"x": -124.3759135560142,
							"y": 56.01107272417092,
							"z": -55.811528797563355
						},
						"position": {
							"x": -0.08746600151062012,
							"y": 0.1805640012025833,
							"z": -0.11847499758005142
						}
					}
				},
				"m_eidParent": {
					"type": "SEntityTemplateReference",
					"value": "22a4b9b55ccd7b8d",
					"postInit": true
				}
			}
		},
		"0bc3c07871828ce6": {
			"parent": null,
			"name": "OUTFIT_Flamingo_Worker_Medic_M_HeroA_v1",
			"factory": "00028BAEA86DD2FD",
			"blueprint": "002045A6D2A25237",
			"properties": {
				"m_mTransform": {
					"type": "SMatrix43",
					"value": {
						"rotation": { "x": -0.0, "y": 0.0, "z": -0.0 },
						"position": {
							"x": -3.931446075439453,
							"y": -1.8852770328521729,
							"z": 0.004666999913752079
						}
					}
				},
				"m_pBonesAndCollisionResource": {
					"type": "ZRuntimeResourceID",
					"value": {
						"resource": "000EEEBE0084EB40",
						"flag": "5F"
					}
				},
				"Rifle_Holster_Attacher_Transform": {
					"type": "SMatrix43",
					"value": {
						"rotation": { "x": -0.0, "y": 0.0, "z": -0.0 },
						"position": {
							"x": 0.029999999329447743,
							"y": 0.0,
							"z": 0.0
						}
					}
				},
				"Back1_Attacher_Transform": {
					"type": "SMatrix43",
					"value": {
						"rotation": { "x": -0.0, "y": 0.0, "z": -0.0 },
						"position": {
							"x": 0.0,
							"y": 0.029999999329447743,
							"z": 0.0
						}
					}
				},
				"m_aBodyParts": {
					"type": "TArray<SEntityTemplateReference>",
					"value": [
						"00349aacc276a303",
						"7f89a8e4420961a8",
						"600ee2193084ad10",
						"b60b9d90ad65e89d",
						"bf27d719094f77ed",
						"e5c19b884e6e8034"
					],
					"postInit": true
				}
			}
		},
		"bf27d719094f77ed": {
			"parent": "0bc3c07871828ce6",
			"name": "Vest_Emergency",
			"factory": "001DC21FD8514A41",
			"blueprint": "00B63AA08E8595DD",
			"properties": {
				"Diffuse_Color_01_Value": {
					"type": "SColorRGB",
					"value": "#d9d9d9"
				},
				"Diffuse_Saturation_01_Value": {
					"type": "float32",
					"value": 0.800000011920929
				}
			}
		},
		"b60b9d90ad65e89d": {
			"parent": "0bc3c07871828ce6",
			"name": "Shirt_Officer_Cut_BtnUp_LngSlv_Tkd",
			"factory": "0048228CF13DC653",
			"blueprint": "001BA00C9CFD4D34",
			"properties": {
				"Diffuse_Color_01_Value": {
					"type": "SColorRGB",
					"value": "#f2f2f2"
				},
				"Texture2D_01": {
					"type": "ZRuntimeResourceID",
					"value": {
						"resource": "0008D11FD10C0246",
						"flag": "5F"
					}
				},
				"Texture2DNormal_01": {
					"type": "ZRuntimeResourceID",
					"value": {
						"resource": "001C83872D0C166A",
						"flag": "5F"
					}
				}
			}
		},
		"22a4b9b55ccd7b8d": {
			"parent": "0bc3c07871828ce6",
			"name": "Breast_Attacher",
			"factory": "[assembly:/templates/aspectdummy.aspect]([modules:/zcompositeentity.class].entitytype,[modules:/zboneattachaspect.class].entitytype).pc_entitytype",
			"blueprint": "[assembly:/templates/aspectdummy.aspect]([modules:/zcompositeentity.class].entitytype,[modules:/zboneattachaspect.class].entitytype).pc_entityblueprint",
			"properties": {
				"m_BoneName": { "type": "ZString", "value": "Spine2" },
				"m_linkedEntity": {
					"type": "SEntityTemplateReference",
					"value": "0bc3c07871828ce6"
				},
				"m_mTransform": {
					"type": "SMatrix43",
					"value": {
						"rotation": { "x": -0.0, "y": 0.0, "z": -0.0 },
						"position": { "x": 0.0, "y": 0.0, "z": 0.0 }
					}
				},
				"m_eidParent": {
					"type": "SEntityTemplateReference",
					"value": "0bc3c07871828ce6"
				}
			}
		},
		"600ee2193084ad10": {
			"parent": "0bc3c07871828ce6",
			"name": "Shoes_Boots_Military",
			"factory": "00A7DC37E14B3676",
			"blueprint": "000315500CD95840",
			"properties": {
				"Diffuse_Color_01_Value": {
					"type": "SColorRGB",
					"value": "#3b3b3b"
				}
			}
		},
		"e5c19b884e6e8034": {
			"parent": "0bc3c07871828ce6",
			"name": "Gloves_Gardening_Light",
			"factory": "00D10E57EF0433F8",
			"blueprint": "00D14E182C93A204",
			"properties": {
				"Diffuse_Color_01_Value": {
					"type": "SColorRGB",
					"value": "#525252"
				}
			}
		},
		"00349aacc276a303": {
			"parent": "0bc3c07871828ce6",
			"name": "Head_47",
			"factory": "00537D16B5CE7286",
			"blueprint": "00F2E4A932ECAA63"
		},
		"7f89a8e4420961a8": {
			"parent": "0bc3c07871828ce6",
			"name": "Pants_Cargo_Regular",
			"factory": "00B8AAA07D811A74",
			"blueprint": "00E01ABDF1DA56C8",
			"properties": {
				"Diffuse_Color_01_Value": {
					"type": "SColorRGB",
					"value": "#c2c2c2"
				},
				"Texture2D_01": {
					"type": "ZRuntimeResourceID",
					"value": {
						"resource": "[assembly:/_pro/characters/assets/guards/colorado/militia_basic/textures/male_reg_militia_basic_02_pants.texture?/diffuse_b.tex](ascolormap).pc_tex",
						"flag": "5F"
					}
				},
				"Diffuse_Saturation_01_Value": {
					"type": "float32",
					"value": 1.0
				},
				"ConstantVector1D_01_Value": {
					"type": "float32",
					"value": 1.0
				}
			}
		},
		"b0f391bb3ace0d82": {
			"parent": "0bc3c07871828ce6",
			"name": "Head_Attacher",
			"factory": "[assembly:/templates/aspectdummy.aspect]([modules:/zcompositeentity.class].entitytype,[modules:/zboneattachaspect.class].entitytype).pc_entitytype",
			"blueprint": "[assembly:/templates/aspectdummy.aspect]([modules:/zcompositeentity.class].entitytype,[modules:/zboneattachaspect.class].entitytype).pc_entityblueprint",
			"properties": {
				"m_BoneName": { "type": "ZString", "value": "Head" },
				"m_linkedEntity": {
					"type": "SEntityTemplateReference",
					"value": "0bc3c07871828ce6"
				},
				"m_eidParent": {
					"type": "SEntityTemplateReference",
					"value": "0bc3c07871828ce6"
				}
			}
		},
		"cafe4038b25cb307": {
			"parent": "0bc3c07871828ce6",
			"name": "FX_Hitman_Wet_Logic_Character",
			"factory": "0067CFB703A80787",
			"blueprint": "00AA88C960CD2080",
			"properties": {
				"HeadMaterialToOverride": {
					"type": "ZRuntimeResourceID",
					"value": {
						"resource": "009F7978C601815A",
						"flag": "5F"
					}
				},
				"HeadMaterialOverride": {
					"type": "TArray<SEntityTemplateReference>",
					"value": ["0bc3c07871828ce6"],
					"postInit": true
				}
			},
			"events": {
				"HitmanWetness": {
					"T": [
						"cafe1a449799593b",
						"cafe1ef91a08f4f2",
						"cafee3f55a338b37",
						"cafea385d9332fbb"
					]
				}
			}
		},
		"cafee3f55a338b37": {
			"parent": "cafe4038b25cb307",
			"name": "Lerp roughness fabric",
			"factory": "[modules:/zmathlerp.class].pc_entitytype",
			"blueprint": "[modules:/zmathlerp.class].pc_entityblueprint",
			"properties": {
				"m_A": { "type": "float32", "value": 1.0 },
				"m_fT": { "type": "float32", "value": 0.0 },
				"m_B": { "type": "float32", "value": 2.0 }
			},
			"events": {
				"Lerp": {
					"ConstantVector1D_14_Value": [
						"7f89a8e4420961a8",
						"b60b9d90ad65e89d",
						"600ee2193084ad10",
						"bf27d719094f77ed"
					]
				}
			}
		},
		"cafe1ef91a08f4f2": {
			"parent": "cafe4038b25cb307",
			"name": "Lerp bumpmap",
			"factory": "[modules:/zmathlerp.class].pc_entitytype",
			"blueprint": "[modules:/zmathlerp.class].pc_entityblueprint",
			"properties": {
				"m_fT": { "type": "float32", "value": 0.0 },
				"m_B": { "type": "float32", "value": 0.30000001192092896 }
			},
			"events": {
				"Lerp": {
					"ConstantVector1D_06_Value": [
						"7f89a8e4420961a8",
						"b60b9d90ad65e89d",
						"600ee2193084ad10",
						"bf27d719094f77ed"
					]
				}
			}
		},
		"cafea385d9332fbb": {
			"parent": "cafe4038b25cb307",
			"name": "Lerp roughness other",
			"factory": "[modules:/zmathlerp.class].pc_entitytype",
			"blueprint": "[modules:/zmathlerp.class].pc_entityblueprint",
			"properties": {
				"m_B": { "type": "float32", "value": 0.4000000059604645 },
				"m_A": { "type": "float32", "value": 0.0 },
				"m_fT": { "type": "float32", "value": 0.0 }
			},
			"events": { "Lerp": { "ConstantVector1D_04_Value": [] } }
		},
		"cafe1a449799593b": {
			"parent": "cafe4038b25cb307",
			"name": "Lerp albedo",
			"factory": "[modules:/zmathlerp.class].pc_entitytype",
			"blueprint": "[modules:/zmathlerp.class].pc_entityblueprint",
			"properties": {
				"m_fT": { "type": "float32", "value": 0.0 },
				"m_B": { "type": "float32", "value": 0.20000000298023224 }
			},
			"events": {
				"Lerp": {
					"ConstantVector1D_01_Value": [
						"7f89a8e4420961a8",
						"b60b9d90ad65e89d",
						"600ee2193084ad10",
						"bf27d719094f77ed"
					]
				}
			}
		}
	},
	"propertyOverrides": [],
	"overrideDeletes": [],
	"pinConnectionOverrides": [],
	"pinConnectionOverrideDeletes": [],
	"externalScenes": [],
	"subType": "template",
	"quickEntityVersion": 3.1,
	"extraFactoryDependencies": [
		{ "resource": "001A985799392AFE", "flag": "5F" },
		{
			"resource": "[assembly:/_pro/characters/assets/guards/colorado/militia_elite/textures/male_reg_militia_elite_headset.texture?/diffuse_a.tex](ascolormap).pc_tex",
			"flag": "5F"
		},
		{
			"resource": "[assembly:/_pro/characters/assets/guards/colorado/militia_elite/textures/male_reg_militia_elite_headset.texture?/specular_a.tex](ascolormap).pc_tex",
			"flag": "5F"
		},
		{
			"resource": "[assembly:/_pro/characters/assets/guards/colorado/militia_elite/textures/male_reg_militia_elite_headset.texture?/normal_a.tex](asnormalmap).pc_tex",
			"flag": "5F"
		},
		{
			"resource": "[assembly:/_pro/characters/assets/guards/colorado/militia_basic/textures/male_reg_militia_basic_02_pants.texture?/specular_a.tex](ascolormap).pc_tex",
			"flag": "5F"
		},
		{
			"resource": "[assembly:/_pro/characters/assets/guards/colorado/militia_basic/textures/male_reg_militia_basic_02_pants.texture?/normal_a.tex](asnormalmap).pc_tex",
			"flag": "5F"
		},
		{ "resource": "00046F8ACFABF66D", "flag": "5F" },
		{
			"resource": "[assembly:/_pro/characters/assets/guards/colorado/militia_elite/textures/male_reg_militia_elite_shoes.texture?/normal_a.tex](asnormalmap).pc_tex",
			"flag": "5F"
		},
		{
			"resource": "[assembly:/_pro/characters/assets/guards/colorado/militia_elite/textures/male_reg_militia_elite_shoes.texture?/specular_a.tex](ascolormap).pc_tex",
			"flag": "5F"
		},
		{
			"resource": "[assembly:/_pro/characters/assets/guards/colorado/militia_elite/textures/male_reg_militia_elite_shoes.texture?/diffuse_a.tex](ascolormap).pc_tex",
			"flag": "5F"
		},
		{ "resource": "001060B9DDD6BF96", "flag": "5F" },
		{ "resource": "0025B6841BE2D938", "flag": "5F" },
		{ "resource": "001FA69FFA39D901", "flag": "5F" },
		{ "resource": "00E75A25FD6927D7", "flag": "5F" },
		{ "resource": "0074E1853D66BE5F", "flag": "5F" },
		{ "resource": "00C2E61724DE9ACF", "flag": "5F" },
		{ "resource": "004B34AEBC25C9B4", "flag": "5F" },
		{
			"resource": "[assembly:/_pro/characters/assets/individuals/hokkaido/helicopterpilot/textures/male_reg_helicopterpilot_gloves.texture?/specular_a.tex](ascolormap).pc_tex",
			"flag": "5F"
		},
		{
			"resource": "[assembly:/_pro/characters/assets/individuals/hokkaido/helicopterpilot/textures/male_reg_helicopterpilot_gloves.texture?/normal_a.tex](asnormalmap).pc_tex",
			"flag": "5F"
		},
		{
			"resource": "[assembly:/_pro/characters/assets/individuals/hokkaido/helicopterpilot/textures/male_reg_helicopterpilot_gloves.texture?/diffuse_a.tex](ascolormap).pc_tex",
			"flag": "5F"
		},
		{ "resource": "0053AECC721DB446", "flag": "5F" },
		{ "resource": "003AB8AB16E40D0B", "flag": "5F" }
	],
	"extraBlueprintDependencies": [],
	"comments": []
}
