{"TOKEN_OUTFIT_MEDIC0":{"Guid":"978271f6-41b3-47d7-86c2-6cabff675dbe","Type":"disguise","Subtype":"themed","ImageId":"","RMTPrice":-1,"GamePrice":-1,"IsPurchasable":false,"IsPublished":true,"IsDroppable":false,"Capabilities":[],"Qualities":{},"Properties":{"Quality":4,"Rarity":"common","LoadoutSlot":"disguise","IsConsumable":false,"RepositoryId":"af4ec0e1-ec28-4a91-9393-a6f65955463b","OrderIndex":21},"Rarity":"common"},"TOKEN_OUTFIT_MEDIC1":{"Guid":"1987c4ca-c5a6-4d6a-ba22-30b029106215","Type":"disguise","Subtype":"themed","ImageId":"","RMTPrice":-1,"GamePrice":-1,"IsPurchasable":false,"IsPublished":true,"IsDroppable":false,"Capabilities":[],"Qualities":{},"Properties":{"Quality":4,"Rarity":"common","LoadoutSlot":"disguise","IsConsumable":false,"RepositoryId":"6b2c4449-ac15-4e06-ad53-e86ee4dc6833","OrderIndex":21},"Rarity":"common"},"TOKEN_OUTFIT_MEDIC2":{"Guid":"7a29a43c-b325-4833-8d37-a5a7a7af47c2","Type":"disguise","Subtype":"themed","ImageId":"","RMTPrice":-1,"GamePrice":-1,"IsPurchasable":false,"IsPublished":true,"IsDroppable":false,"Capabilities":[],"Qualities":{},"Properties":{"Quality":4,"Rarity":"common","LoadoutSlot":"disguise","IsConsumable":false,"RepositoryId":"6bd42e20-4333-4bd9-ac3e-b752532a6714","OrderIndex":21},"Rarity":"common"}}