{
	"tempHash": "00C786400BE39E8A",
	"tbluHash": "00F8C7098B241F91",
	"rootEntity": "008a40838e5db05b",
	"entities": {
		"707b533569834262": {
			"parent": "09e96445d5219de4",
			"name": "Radio",
			"factory": "002C29B2CF663D86",
			"blueprint": "002BAF9005870E06",
			"properties": {
				"m_mTransform": {
					"type": "SMatrix43",
					"value": {
						"rotation": {
							"x": -117.40455913894242,
							"y": 58.68678222284036,
							"z": -64.08466429366017
						},
						"position": {
							"x": 0.12094199657440186,
							"y": 0.1715169996023178,
							"z": -0.12380000203847884
						}
					}
				},
				"m_eidParent": {
					"type": "SEntityTemplateReference",
					"value": "09e96445d5219de4",
					"postInit": true
				}
			}
		},
		"a45d4ddab4c30186": {
			"parent": "008a40838e5db05b",
			"name": "Neck_Attacher",
			"factory": "[assembly:/templates/aspectdummy.aspect]([modules:/zcompositeentity.class].entitytype,[modules:/zboneattachaspect.class].entitytype).pc_entitytype",
			"blueprint": "[assembly:/templates/aspectdummy.aspect]([modules:/zcompositeentity.class].entitytype,[modules:/zboneattachaspect.class].entitytype).pc_entityblueprint",
			"properties": {
				"m_BoneName": { "type": "ZString", "value": "Spine2" },
				"m_mTransform": {
					"type": "SMatrix43",
					"value": {
						"rotation": { "x": -0.0, "y": 0.0, "z": -0.0 },
						"position": { "x": 0.0, "y": 0.0, "z": 0.0 }
					}
				},
				"m_linkedEntity": {
					"type": "SEntityTemplateReference",
					"value": "008a40838e5db05b",
					"postInit": true
				},
				"m_eidParent": {
					"type": "SEntityTemplateReference",
					"value": "008a40838e5db05b",
					"postInit": true
				}
			}
		},
		"0f8c3869a3d7d8f1": {
			"parent": "730c84228e602403",
			"name": "glasses_round_metal",
			"factory": "0009C92ED80BEA0D",
			"blueprint": "00072FB86078A71D",
			"properties": {
				"m_mTransform": {
					"type": "SMatrix43",
					"value": {
						"rotation": {
							"x": -97.25791832786534,
							"y": 89.86417241794284,
							"z": -89.78576674051438
						},
						"position": {
							"x": 0.07564099878072739,
							"y": 0.007207000162452459,
							"z": -0.000018999999156221747
						}
					}
				},
				"m_rLinkedProxyEntity": {
					"type": "SEntityTemplateReference",
					"value": "008a40838e5db05b",
					"postInit": true
				},
				"m_eidParent": {
					"type": "SEntityTemplateReference",
					"value": "730c84228e602403",
					"postInit": true
				}
			}
		},
		"086520e7310e131f": {
			"parent": "008a40838e5db05b",
			"name": "Shirt_Officer_Cut_BtnUp_LngSlv_Tkd",
			"factory": "0048228CF13DC653",
			"blueprint": "001BA00C9CFD4D34",
			"properties": {
				"Diffuse_Color_01_Value": {
					"type": "SColorRGB",
					"value": "#f2f2f2"
				},
				"Texture2D_01": {
					"type": "ZRuntimeResourceID",
					"value": {
						"resource": "0008D11FD10C0246",
						"flag": "5F"
					}
				},
				"Texture2DNormal_01": {
					"type": "ZRuntimeResourceID",
					"value": {
						"resource": "001C83872D0C166A",
						"flag": "5F"
					}
				}
			}
		},
		"d7fcdddbd579cf08": {
			"parent": "a45d4ddab4c30186",
			"name": "headphones_protective_cheap",
			"factory": "00F49886DE9DE9AC",
			"blueprint": "005AB5A10D20B7DA",
			"properties": {
				"m_mTransform": {
					"type": "SMatrix43",
					"value": {
						"rotation": {
							"x": 90.98502410202556,
							"y": -86.97930817669248,
							"z": 160.4507436929948
						},
						"position": {
							"x": 0.17685100436210632,
							"y": 0.09294900298118591,
							"z": -0.0006680000224150717
						}
					}
				},
				"m_PrimitiveScale": {
					"type": "SVector3",
					"value": {
						"x": 0.925000011920929,
						"y": 0.925000011920929,
						"z": 0.925000011920929
					}
				},
				"Diffuse_Hue_Shift_01_Value": {
					"type": "float32",
					"value": -0.09000000357627869
				},
				"Diffuse_Saturation_01_Value": {
					"type": "float32",
					"value": 1.2999999523162842
				},
				"ConstantVector1D_01_Value": {
					"type": "float32",
					"value": 0.4000000059604645
				},
				"m_eidParent": {
					"type": "SEntityTemplateReference",
					"value": "a45d4ddab4c30186"
				},
				"m_rLinkedProxyEntity": {
					"type": "SEntityTemplateReference",
					"value": "008a40838e5db05b",
					"postInit": true
				}
			}
		},
		"730c84228e602403": {
			"parent": "008a40838e5db05b",
			"name": "Head_Attacher",
			"factory": "[assembly:/templates/aspectdummy.aspect]([modules:/zcompositeentity.class].entitytype,[modules:/zboneattachaspect.class].entitytype).pc_entitytype",
			"blueprint": "[assembly:/templates/aspectdummy.aspect]([modules:/zcompositeentity.class].entitytype,[modules:/zboneattachaspect.class].entitytype).pc_entityblueprint",
			"properties": {
				"m_BoneName": { "type": "ZString", "value": "Head" },
				"m_linkedEntity": {
					"type": "SEntityTemplateReference",
					"value": "008a40838e5db05b",
					"postInit": true
				},
				"m_eidParent": {
					"type": "SEntityTemplateReference",
					"value": "008a40838e5db05b",
					"postInit": true
				}
			}
		},
		"09e96445d5219de4": {
			"parent": "008a40838e5db05b",
			"name": "Chest_Attacher",
			"factory": "[assembly:/templates/aspectdummy.aspect]([modules:/zcompositeentity.class].entitytype,[modules:/zboneattachaspect.class].entitytype).pc_entitytype",
			"blueprint": "[assembly:/templates/aspectdummy.aspect]([modules:/zcompositeentity.class].entitytype,[modules:/zboneattachaspect.class].entitytype).pc_entityblueprint",
			"properties": {
				"m_BoneName": { "type": "ZString", "value": "Spine1" },
				"m_linkedEntity": {
					"type": "SEntityTemplateReference",
					"value": "008a40838e5db05b",
					"postInit": true
				},
				"m_eidParent": {
					"type": "SEntityTemplateReference",
					"value": "008a40838e5db05b",
					"postInit": true
				}
			}
		},
		"fb63af0602f03477": {
			"parent": "008a40838e5db05b",
			"name": "Vest_Emergency",
			"factory": "001DC21FD8514A41",
			"blueprint": "00B63AA08E8595DD",
			"properties": {
				"Diffuse_Color_01_Value": {
					"type": "SColorRGB",
					"value": "#d9d9d9"
				},
				"Diffuse_Saturation_01_Value": {
					"type": "float32",
					"value": 0.800000011920929
				}
			}
		},
		"008a40838e5db05b": {
			"parent": null,
			"name": "OUTFIT_Flamingo_Worker_Medic_M_HeroA_v2",
			"factory": "00028BAEA86DD2FD",
			"blueprint": "002045A6D2A25237",
			"properties": {
				"m_mTransform": {
					"type": "SMatrix43",
					"value": {
						"rotation": { "x": -0.0, "y": 0.0, "z": -0.0 },
						"position": {
							"x": -2.4460949897766113,
							"y": -1.8511539697647097,
							"z": 0.004666999913752079
						}
					}
				},
				"m_pBonesAndCollisionResource": {
					"type": "ZRuntimeResourceID",
					"value": {
						"resource": "000EEEBE0084EB40",
						"flag": "5F"
					}
				},
				"Rifle_Holster_Attacher_Transform": {
					"type": "SMatrix43",
					"value": {
						"rotation": { "x": -0.0, "y": 0.0, "z": -0.0 },
						"position": {
							"x": 0.029999999329447743,
							"y": 0.0,
							"z": 0.0
						}
					}
				},
				"Back1_Attacher_Transform": {
					"type": "SMatrix43",
					"value": {
						"rotation": { "x": -0.0, "y": 0.0, "z": -0.0 },
						"position": {
							"x": 0.0,
							"y": 0.029999999329447743,
							"z": 0.0
						}
					}
				},
				"m_aBodyParts": {
					"type": "TArray<SEntityTemplateReference>",
					"value": [
						"b72cdda5420dfdba",
						"9e993bade310e1fe",
						"b614f3bb265d8134",
						"f7407b22cebe969a",
						"086520e7310e131f",
						"fb63af0602f03477"
					],
					"postInit": true
				}
			}
		},
		"b614f3bb265d8134": {
			"parent": "008a40838e5db05b",
			"name": "Pants_Cargo_Regular",
			"factory": "00B8AAA07D811A74",
			"blueprint": "00E01ABDF1DA56C8",
			"properties": {
				"Diffuse_Color_01_Value": {
					"type": "SColorRGB",
					"value": "#c2c2c2"
				},
				"Texture2D_01": {
					"type": "ZRuntimeResourceID",
					"value": {
						"resource": "[assembly:/_pro/characters/assets/guards/colorado/militia_basic/textures/male_reg_militia_basic_02_pants.texture?/diffuse_b.tex](ascolormap).pc_tex",
						"flag": "5F"
					}
				},
				"Diffuse_Saturation_01_Value": {
					"type": "float32",
					"value": 1.0
				},
				"ConstantVector1D_01_Value": {
					"type": "float32",
					"value": 1.0
				}
			}
		},
		"9e993bade310e1fe": {
			"parent": "008a40838e5db05b",
			"name": "Head_47",
			"factory": "00537D16B5CE7286",
			"blueprint": "00F2E4A932ECAA63"
		},
		"f7407b22cebe969a": {
			"parent": "008a40838e5db05b",
			"name": "Shoes_Boots_Military",
			"factory": "00A7DC37E14B3676",
			"blueprint": "000315500CD95840",
			"properties": {
				"Diffuse_Color_01_Value": {
					"type": "SColorRGB",
					"value": "#3b3b3b"
				}
			}
		},
		"b72cdda5420dfdba": {
			"parent": "008a40838e5db05b",
			"name": "Gloves_Rubber_Medical",
			"factory": "00E8A1383E199041",
			"blueprint": "009398722444190C",
			"properties": {
				"Diffuse_Color_01_Value": {
					"type": "SColorRGB",
					"value": "#74adad"
				}
			}
		}
	},
	"propertyOverrides": [],
	"overrideDeletes": [],
	"pinConnectionOverrides": [],
	"pinConnectionOverrideDeletes": [],
	"externalScenes": [],
	"subType": "template",
	"quickEntityVersion": 3.1,
	"extraFactoryDependencies": [
		{ "resource": "00C2E61724DE9ACF", "flag": "5F" },
		{ "resource": "004B34AEBC25C9B4", "flag": "5F" },
		{ "resource": "0025B6841BE2D938", "flag": "5F" },
		{ "resource": "001FA69FFA39D901", "flag": "5F" },
		{ "resource": "00E75A25FD6927D7", "flag": "5F" },
		{ "resource": "0074E1853D66BE5F", "flag": "5F" },
		{ "resource": "003AB8AB16E40D0B", "flag": "5F" },
		{
			"resource": "[assembly:/_pro/characters/assets/guards/colorado/militia_elite/textures/male_reg_militia_elite_shoes.texture?/normal_a.tex](asnormalmap).pc_tex",
			"flag": "5F"
		},
		{
			"resource": "[assembly:/_pro/characters/assets/guards/colorado/militia_elite/textures/male_reg_militia_elite_shoes.texture?/specular_a.tex](ascolormap).pc_tex",
			"flag": "5F"
		},
		{
			"resource": "[assembly:/_pro/characters/assets/guards/colorado/militia_elite/textures/male_reg_militia_elite_shoes.texture?/diffuse_a.tex](ascolormap).pc_tex",
			"flag": "5F"
		},
		{ "resource": "001060B9DDD6BF96", "flag": "5F" },
		{
			"resource": "[assembly:/_pro/characters/assets/guards/colorado/militia_basic/textures/male_reg_militia_basic_02_pants.texture?/specular_a.tex](ascolormap).pc_tex",
			"flag": "5F"
		},
		{
			"resource": "[assembly:/_pro/characters/assets/guards/colorado/militia_basic/textures/male_reg_militia_basic_02_pants.texture?/normal_a.tex](asnormalmap).pc_tex",
			"flag": "5F"
		},
		{ "resource": "00046F8ACFABF66D", "flag": "5F" },
		{ "resource": "00BD9113080F093E", "flag": "5F" },
		{
			"resource": "[assembly:/_pro/characters/assets/_apparel/accessories/glasses/textures/lens_basic.texture?/diffuse_a.tex](ascolormap).pc_tex",
			"flag": "5F"
		},
		{
			"resource": "[assembly:/_pro/characters/assets/individuals/hokkaido/elusivetarget_seabreeze/textures/male_reg_seabreeze_gloves.texture?/normal_a.tex](asnormalmap).pc_tex",
			"flag": "5F"
		},
		{
			"resource": "[assembly:/_pro/characters/assets/individuals/hokkaido/elusivetarget_seabreeze/textures/male_reg_seabreeze_gloves.texture?/specular_b.tex](ascolormap).pc_tex",
			"flag": "5F"
		},
		{
			"resource": "[assembly:/_pro/characters/assets/individuals/hokkaido/elusivetarget_seabreeze/textures/male_reg_seabreeze_gloves.texture?/diffuse_b.tex](ascolormap).pc_tex",
			"flag": "5F"
		},
		{ "resource": "004B420901477A20", "flag": "5F" },
		{ "resource": "00E28874D776E947", "flag": "5F" },
		{
			"resource": "[assembly:/_pro/characters/assets/workers/eventscrew_01/textures/male_eventcrew_earprotection.texture?/diffuse_a.tex](ascolormap).pc_tex",
			"flag": "5F"
		},
		{
			"resource": "[assembly:/_pro/characters/assets/workers/eventscrew_01/textures/male_eventcrew_earprotection.texture?/specular_a.tex](ascolormap).pc_tex",
			"flag": "5F"
		},
		{
			"resource": "[assembly:/_pro/characters/assets/workers/eventscrew_01/textures/male_eventcrew_earprotection.texture?/normal_a.tex](asnormalmap).pc_tex",
			"flag": "5F"
		}
	],
	"extraBlueprintDependencies": [],
	"comments": []
}
